"","sample","phenSumTIC","sapSumTIC","species_code","logPhen","logSap","phenTICpct","sapTICpct","percent_extracted","percent_tyrosine","tyr.final.pct","phensap.final.pct","phen.final.pct","sap.final.pct"
"1","IngA_1619",2893131.385772,50940.127471,"IngA",14.8778499979882,10.8384062509057,0.982697387871911,0.0173026121280891,25.54285714,0,0,1,0.982697387871911,0.0173026121280891
"2","IngA_1620",2998148.413179,91569.398194,"IngA",14.9135054604818,11.4248524139933,0.970363184023816,0.0296368159761841,25.54285714,0,0,1,0.970363184023816,0.0296368159761841
"3","IngA_1677",2601759.213563,56393.81073,"IngA",14.7716983947883,10.9401146926346,0.978784588315791,0.0212154116842085,25.54285714,0,0,1,0.978784588315791,0.0212154116842085
"4","IngA_1884",3742552.580977,41207.138108,"IngA",15.1352784448705,10.6263667753792,0.989109472808182,0.0108905271918178,25.54285714,0,0,1,0.989109472808182,0.0108905271918178
"5","IngA_1885",1396902.633766,62954.713945,"IngA",14.1497679391502,11.0501709206243,0.956876119407345,0.0431238805926556,25.54285714,0,0,1,0.956876119407345,0.0431238805926556
"6","IngC_1625",4377561.989638,181349.924195,"IngC",15.29200250401,12.1081837267071,0.960220787849677,0.0397792121503234,26.78,0,0,1,0.960220787849677,0.0397792121503234
"7","IngC_1626",3833491.886371,39193.328337,"IngC",15.159286665472,10.576261815809,0.989879547093539,0.010120452906461,26.78,0,0,1,0.989879547093539,0.010120452906461
"8","IngC_1678",5442526.157654,92231.286683,"IngC",15.5097538782628,11.4320546869402,0.983335983986549,0.0166640160134512,26.78,0,0,1,0.983335983986549,0.0166640160134512
"9","IngC_1679",4014369.60339,150246.559968,"IngC",15.2053908826719,11.9200329567477,0.96392307140093,0.0360769285990701,26.78,0,0,1,0.96392307140093,0.0360769285990701
"10","IngC_1681",2496330.654924,210310.842864,"IngC",14.7303324736254,12.2563419193916,0.922298227143907,0.0777017728560935,26.78,0,0,1,0.922298227143907,0.0777017728560935
"11","IngF_1594",21138149.187911,20318.884047,"IngF",16.8665899843329,9.91930598123747,0.999039680756759,0.000960319243240926,36.8625,0.1146,0.237156604066429,0.762843395933571,0.762110822740877,0.000732573192694265
"12","IngF_1595",9563223.625462,51816.604583,"IngF",16.0734354275048,10.8554659286772,0.994610880106244,0.00538911989375602,36.8625,0.1146,0.237156604066429,0.762843395933571,0.758732341412725,0.00411105452084601
"13","IngF_1598",23970748.644973,22876.624482,"IngF",16.9923448385041,10.0378709032288,0.999046554064878,0.000953445935121901,36.8625,0.1146,0.237156604066429,0.762843395933571,0.762116065998584,0.000727329934987451
"14","IngF_1886",35132685.536988,22780.017456,"IngF",17.3746424670073,10.0336390032871,0.999352020600588,0.000647979399411492,36.8625,0.1146,0.237156604066429,0.762843395933571,0.762349089128029,0.000494306805542058
"15","IngF_1887",43428820.474378,86421.261871,"IngF",17.5866338449061,11.3669890109877,0.998014000188835,0.00198599981116523,36.8625,0.1146,0.237156604066429,0.762843395933571,0.761328389093298,0.00151500684027272
"16","IngG_1592",22360485.509403,39572.57248,"IngG",16.9228059193161,10.5858915431332,0.998233371880763,0.00176662811923715,45.06,0,0,1,0.998233371880763,0.00176662811923715
"17","IngG_1623",21544865.235277,42695.436372,"IngG",16.8856480739778,10.6618473169711,0.998022220434193,0.00197777956580671,45.06,0,0,1,0.998022220434193,0.00197777956580671
"18","IngG_1624",23455560.47992,40846.830079,"IngG",16.9706181454268,10.6175844982319,0.998261571246187,0.00173842875381282,45.06,0,0,1,0.998261571246187,0.00173842875381282
"19","IngG_1680",18064277.266052,89360.605056,"IngG",16.7094469143488,11.4004352047139,0.995077537312881,0.00492246268711903,45.06,0,0,1,0.995077537312881,0.00492246268711903
"20","IngG_1707",23117202.522751,28604.574234,"IngG",16.9560875962967,10.2613219222709,0.998764157408115,0.00123584259188465,45.06,0,0,1,0.998764157408115,0.00123584259188465
"21","IngM_1562",3114793.302399,9874847.423968,"IngM",14.9516733524319,16.1055014178947,0.239790566037476,0.760209433962523,32.12,0,0,1,0.239790566037476,0.760209433962523
"22","IngM_1563",4612564.41008,10311292.63728,"IngM",15.3442945314784,16.1487502251739,0.309073210460425,0.690926789539575,32.12,0,0,1,0.309073210460425,0.690926789539575
"23","IngM_1606",4860061.582626,14174139.751972,"IngM",15.3965616671186,16.4669297180449,0.255333097364689,0.744666902635311,32.12,0,0,1,0.255333097364689,0.744666902635311
"24","IngM_1609",2108171.018631,11635591.295135,"IngM",14.5613313137355,16.2695791738084,0.153391114492676,0.846608885507324,32.12,0,0,1,0.153391114492676,0.846608885507324
"25","IngM_1616",3628787.557171,12227546.302933,"IngM",15.1044091441595,16.3192018581751,0.22885413420194,0.77114586579806,32.12,0,0,1,0.22885413420194,0.77114586579806
"26","IngMu_1561",4456865.173901,38877.173675,"IngMu",15.3099562010563,10.5681625623878,0.991352446232609,0.00864755376739098,36.94,0,0,1,0.991352446232609,0.00864755376739098
"27","IngMu_1586",6221100.982491,30344.480988,"IngMu",15.6434574558829,10.3203699344163,0.995146005645371,0.0048539943546293,36.94,0,0,1,0.995146005645371,0.0048539943546293
"28","IngMu_1605",5111955.173985,16284.688416,"IngMu",15.4470925062188,9.69798058433724,0.996824507267026,0.00317549273297362,36.94,0,0,1,0.996824507267026,0.00317549273297362
"29","IngMu_1607",6102477.533264,54261.795441,"IngMu",15.6242053996798,10.9015756752526,0.991186601779937,0.00881339822006292,36.94,0,0,1,0.991186601779937,0.00881339822006292
"30","IngMu_1608",5090968.472856,68643.935852,"IngMu",15.442978640144,11.1366880730191,0.986695912325479,0.0133040876745214,36.94,0,0,1,0.986695912325479,0.0133040876745214
"31","IngO_1584",7571241.917693,11579.889893,"IngO",15.839867669777,9.35702524270527,0.998472878542205,0.00152712145779494,32.56,0,0,1,0.998472878542205,0.00152712145779494
"32","IngO_1587",7983488.617235,46937.809906,"IngO",15.8928860439746,10.7565788110093,0.994155004054659,0.0058449959453412,32.56,0,0,1,0.994155004054659,0.0058449959453412
"33","IngO_1589",6973286.490591,27959.277984,"IngO",15.7575971910599,10.2385043728384,0.996006528136822,0.00399347186317824,32.56,0,0,1,0.996006528136822,0.00399347186317824
"34","IngO_2444",1113612.090281,1242.431519,"IngO",13.9231194254367,7.12482564095891,0.998885566237832,0.00111443376216838,32.56,0,0,1,0.998885566237832,0.00111443376216838
"35","IngP_1569",3707237.455567,11802287.849488,"IngP",15.1257975360746,16.2838039561924,0.23902971771539,0.76097028228461,36.75,0,0,1,0.23902971771539,0.76097028228461
"36","IngP_1570",3076278.50929,12689452.538943,"IngP",14.939231148191,16.3562816976207,0.195124380840861,0.804875619159139,36.75,0,0,1,0.195124380840861,0.804875619159139
"37","IngP_1603",4872537.026367,15854605.24551,"IngP",15.3991253093841,16.5789705678528,0.235080020316074,0.764919979683926,36.75,0,0,1,0.235080020316074,0.764919979683926
"38","IngP_1604",4980400.900784,9943674.223589,"IngP",15.4210209479262,16.1124471505327,0.333715882510558,0.666284117489442,36.75,0,0,1,0.333715882510558,0.666284117489442
"39","IngP_1610",4519267.161919,17855589.902636,"IngP",15.3238604063447,16.6978271769772,0.20197971092643,0.79802028907357,36.75,0,0,1,0.20197971092643,0.79802028907357
"40","IngPu_1582",4224358.838366,171654.377074,"IngPu",15.2563780530247,12.0532382985549,0.960952260909703,0.0390477390902973,29.9,0,0,1,0.960952260909703,0.0390477390902973
"41","IngPu_1583",6435132.957887,53274.510591,"IngPu",15.6772830604752,10.8832132704582,0.991789277900653,0.00821072209934693,29.9,0,0,1,0.991789277900653,0.00821072209934693
"42","IngPu_1585",5138646.079943,61183.69339,"IngPu",15.4523001941618,11.0216359851211,0.988233519931022,0.0117664800689778,29.9,0,0,1,0.988233519931022,0.0117664800689778
"43","IngQ_1565",17717432.230775,6677.474579,"IngQ",16.6900595846712,8.80649513801318,0.999623254725343,0.000376745274657316,36.78,0,0,1,0.999623254725343,0.000376745274657316
"44","IngQ_1566",18973548.032637,7014.448303,"IngQ",16.758556358299,8.85572734411242,0.999630440440843,0.000369559559156574,36.78,0,0,1,0.999630440440843,0.000369559559156574
"45","IngQ_1567",21116186.460936,23283.669311,"IngQ",16.8655504352019,10.0555075058771,0.998898568924976,0.0011014310750242,36.78,0,0,1,0.998898568924976,0.0011014310750242
"46","IngQ_1571",25031908.239275,6210.667603,"IngQ",17.0356618985873,8.73402367365819,0.999751951509373,0.000248048490627382,36.78,0,0,1,0.999751951509373,0.000248048490627382
"47","IngQ_1615",19163193.506577,47891.416504,"IngQ",16.7685019923267,10.7766915711828,0.997507094643756,0.00249290535624364,36.78,0,0,1,0.997507094643756,0.00249290535624364
"48","IngR_1617",14027498.071755,39297.75061,"IngR",16.4565301091455,10.5789225598325,0.997206346697126,0.0027936533028737,40.7,0,0,1,0.997206346697126,0.0027936533028737
"49","IngR_1618",7757173.682417,24545.172058,"IngR",15.8641286096332,10.1082704563678,0.996845790433063,0.00315420956693712,40.7,0,0,1,0.996845790433063,0.00315420956693712
"50","IngR_1709",11054051.282806,21457.154755,"IngR",16.2183075506631,9.97381342375071,0.998062648331138,0.00193735166886164,40.7,0,0,1,0.998062648331138,0.00193735166886164
"51","IngR_1710",9749634.176652,23440.689973,"IngR",16.0927403219267,10.0622286789659,0.997601503079338,0.00239849692066208,40.7,0,0,1,0.997601503079338,0.00239849692066208
"52","IngR_1711",11270557.412475,25873.825805,"IngR",16.2377043446398,10.1609871500211,0.997709557535541,0.00229044246445921,40.7,0,0,1,0.997709557535541,0.00229044246445921
"53","IngS_1596",2646808.233505,15722501.994313,"IngS",14.7888650318546,16.5706034922443,0.144088602167366,0.855911397832634,37.58333333,0,0,1,0.144088602167366,0.855911397832634
"54","IngS_1597",3276328.148761,20064080.382686,"IngS",15.0022338864481,16.8144417287209,0.140371499682481,0.859628500317519,37.58333333,0,0,1,0.140371499682481,0.859628500317519
"55","IngS_1676",3481620.406745,13951178.838294,"IngS",15.0630083774989,16.4510745671985,0.199716658111335,0.800283341888664,37.58333333,0,0,1,0.199716658111335,0.800283341888664
"56","IngS_1938",1631854.18504,9605590.666473,"IngS",14.3052274631125,16.0778558480226,0.145215768050714,0.854784231949286,37.58333333,0,0,1,0.145215768050714,0.854784231949286
"57","IngS_2162",2361155.05243,22234305.754121,"IngS",14.6746614862662,16.9171469583282,0.0959996265571535,0.904000373442847,37.58333333,0,0,1,0.0959996265571535,0.904000373442847
"58","IngU_1402_2",20667951.926068,5111068.731918,"IngU",16.8440948423786,15.4469190855015,0.80173534131776,0.19826465868224,36.49375,0.116933333333333,0.242665306228329,0.757334693771671,0.607181989202812,0.150152704568859
"59","IngU_1405_2",19078450.71907,6847856.042574,"IngU",16.7640700214774,15.7394461747624,0.735872289658129,0.264127710341871,36.49375,0.116933333333333,0.242665306228329,0.757334693771671,0.557301615143298,0.200033078628374
"60","IngU_1406_2",19557200.367186,9043482.320802,"IngU",16.7888540818148,16.0175548706712,0.683801872162997,0.316198127837003,36.49375,0.116933333333333,0.242665306228329,0.757334693771671,0.517866881455058,0.239467812316613
"61","IngU_1933",39927662.147327,15992987.112488,"IngU",17.5025799285482,16.5876608786506,0.714005696926329,0.285994303073671,36.49375,0.116933333333333,0.242665306228329,0.757334693771671,0.54074128583293,0.216593407938741
"62","IngU_1934",33861364.314801,11197710.141205,"IngU",17.337785226675,16.2312198636841,0.751488234581072,0.248511765418929,36.49375,0.116933333333333,0.242665306228329,0.757334693771671,0.56912811200947,0.188206581762202
"63","IngV_1581",5668507.409133,8642.524475,"IngV",15.5504363975101,9.06445000372697,0.998477664924113,0.00152233507588682,31.17142857,0,0,1,0.998477664924113,0.00152233507588682
"64","IngV_1622",7444643.516845,71964.601915,"IngV",15.8230053407302,11.1839296370341,0.990425920737388,0.00957407926261185,31.17142857,0,0,1,0.990425920737388,0.00957407926261185
"65","IngV_1705",8549036.230758,26138.563598,"IngV",15.9613291130106,10.1711670353241,0.996951833143366,0.00304816685663409,31.17142857,0,0,1,0.996951833143366,0.00304816685663409
"66","IngV_1706",11913931.280605,20726.202515,"IngV",16.2932189692009,9.93915400075693,0.998263360088522,0.00173663991147752,31.17142857,0,0,1,0.998263360088522,0.00173663991147752
"67","IngV_1929",10659528.265752,19572.780045,"IngV",16.1819647229791,9.88189510676503,0.998167188421473,0.00183281157852732,31.17142857,0,0,1,0.998167188421473,0.00183281157852732
"68","LA1_1059_NEG_MS",1627723.873701,14026.614884,"LA1",14.3026932004103,9.54871186700663,0.991456305339011,0.00854369466098915,38.88,0,0,1,0.991456305339011,0.00854369466098915
"69","LA1_1060_NEG_MS",2961641.562244,11761.455506,"LA1",14.9012542544158,9.37258298131106,0.996044446233562,0.00395555376643829,38.88,0,0,1,0.996044446233562,0.00395555376643829
"70","LA1_689_3",7729081.702449,441212.108535,"LA1",15.8605006169283,12.9972810105338,0.945998011975794,0.0540019880242057,38.88,0,0,1,0.945998011975794,0.0540019880242057
"71","LA1_690_2",3476681.648255,77181.476747,"LA1",15.0615888474812,11.2539147687127,0.978282372158901,0.0217176278410994,38.88,0,0,1,0.978282372158901,0.0217176278410994
"72","LA1_708_2",2870439.796673,515100.597778,"LA1",14.8699758152548,13.1521174960616,0.847852768609034,0.152147231390966,38.88,0,0,1,0.847852768609034,0.152147231390966
"73","LA10_1399_2",15569601.379405,2380453.242051,"LA10",16.5608309416459,14.6828014653532,0.86738462404423,0.13261537595577,46.23333333,0.103566666666667,0.183012310784179,0.816987689215821,0.708642559659229,0.108345129556592
"74","LA10_1400_2",5827353.136826,761880.294799,"LA10",15.5780734478286,13.5435447288887,0.884374972793898,0.115625027206102,46.23333333,0.103566666666667,0.183012310784179,0.816987689215821,0.722523465423191,0.09446422379263
"75","LA10_641_2",5433477.986947,96506.468934,"LA10",15.508090000119,11.4773653206658,0.982548509909215,0.0174514900907846,46.23333333,0.103566666666667,0.183012310784179,0.816987689215821,0.802730036653178,0.0142576525626429
"76","LA10_642_2",1919219.292369,218785.839324,"LA10",14.4674290427544,12.2958486277098,0.897668234710572,0.102331765289428,46.23333333,0.103566666666667,0.183012310784179,0.816987689215821,0.733383896758635,0.0836037924571852
"77","LA10_643_2",5959521.208085,823405.663712,"LA10",15.6005007016006,13.6212042667398,0.878606141673785,0.121393858326215,46.23333333,0.103566666666667,0.183012310784179,0.816987689215821,0.717810401416894,0.0991772877989269
"78","LA12_1055_NEG_MS",10181669.852536,13656.054748,"LA12",16.1360995883004,9.5219382735465,0.998660557311047,0.00133944268895254,49.44,0,0,1,0.998660557311047,0.00133944268895254
"79","LA12_1056_NEG_MS",10596293.82257,0,"LA12",16.176014858564,-Inf,1,0,49.44,0,0,1,1,0
"80","LA12_631_2",9709305.030026,5684.232911,"LA12",16.0885952651032,8.64545146497846,0.99941490075211,0.000585099247889602,49.44,0,0,1,0.99941490075211,0.000585099247889602
"81","LA12_632_2",17718789.142673,2056.629257,"LA12",16.6901361680002,7.62882363860074,0.999883942940226,0.000116057059774072,49.44,0,0,1,0.999883942940226,0.000116057059774072
"82","LA12_634_2",4430563.339142,16830.401978,"LA12",15.3040372985285,9.73094217151043,0.996215670804591,0.00378432919540907,49.44,0,0,1,0.996215670804591,0.00378432919540907
"83","LA13_1394",18796749.122006,42184204.378607,"LA13",16.7491944938057,17.5575564051126,0.308239672274345,0.691760327725655,37.18571429,0,0,1,0.308239672274345,0.691760327725655
"84","LA13_1396",4754508.186891,27944873.787622,"LA13",15.3746038178849,17.1457443342192,0.145400551930823,0.854599448069177,37.18571429,0,0,1,0.145400551930823,0.854599448069177
"85","LA13_1397",5292562.999251,21318245.661696,"LA13",15.481813185416,16.8750738678395,0.198887717644528,0.801112282355471,37.18571429,0,0,1,0.198887717644528,0.801112282355471
"86","LA13_2168",1801464.818586,11115673.097347,"LA13",14.4041106800237,16.223866661113,0.139463155871699,0.860536844128301,37.18571429,0,0,1,0.139463155871699,0.860536844128301
"87","LA13_693",4335991.630112,8561380.809763,"LA13",15.282460891775,15.9627720446607,0.336191860033936,0.663808139966064,37.18571429,0,0,1,0.336191860033936,0.663808139966064
"88","LA17_1380",55024696.769247,1075010.634933,"LA17",17.8232926745801,13.8878411124559,0.980837500146161,0.0191624998538388,52,0,0,1,0.980837500146161,0.0191624998538388
"89","LA17_1382",70368033.993943,1989644.441178,"LA17",18.0692496554246,14.5034665079619,0.972502649556923,0.027497350443077,52,0,0,1,0.972502649556923,0.027497350443077
"90","LA17_1393",82077426.417388,2952959.572204,"LA17",18.2231735843312,14.8983184702172,0.965271713895719,0.034728286104281,52,0,0,1,0.965271713895719,0.034728286104281
"91","LA17_705",32421864.883359,581075.314438,"LA17",17.294343595238,13.272635656414,0.98239322584729,0.0176067741527098,52,0,0,1,0.98239322584729,0.0176067741527098
"92","LA17_712",18437695.207378,475705.060486,"LA17",16.7299077795271,13.0725533203415,0.974848252892195,0.0251517471078046,52,0,0,1,0.974848252892195,0.0251517471078046
"93","LA18_1527",9242455.234941,15738633.772313,"LA18",16.0393181263883,16.5716289974602,0.369978075505723,0.630021924494277,40.86,0,0,1,0.369978075505723,0.630021924494277
"94","LA18_1538",14136826.782244,19950404.962117,"LA18",16.4642937789796,16.8087599999471,0.414724988179266,0.585275011820735,40.86,0,0,1,0.414724988179266,0.585275011820735
"95","LA18_1635",18051230.271297,25664485.213074,"LA18",16.7087243994951,17.0606186958394,0.412923134650526,0.587076865349474,40.86,0,0,1,0.412923134650526,0.587076865349474
"96","LA18_671",11241551.021866,16669992.431216,"LA18",16.2351273841791,16.6291208006906,0.40275633774114,0.59724366225886,40.86,0,0,1,0.40275633774114,0.59724366225886
"97","LA18_672",9290276.846882,17657620.514113,"LA18",16.0444789108715,16.6866780053368,0.34474960040218,0.655250399597819,40.86,0,0,1,0.34474960040218,0.655250399597819
"98","LA19_1880",21344979.786749,41707763.353912,"LA19",16.8763271311955,17.5461978409979,0.338525791639733,0.661474208360267,35.31,0,0,1,0.338525791639733,0.661474208360267
"99","LA19_1890",20593599.669284,42931503.196517,"LA19",16.8404908898181,17.5751164546475,0.324180500939742,0.675819499060258,35.31,0,0,1,0.324180500939742,0.675819499060258
"100","LA19_1896",20724647.712401,42898114.38072,"LA19",16.8468342606458,17.5743384291029,0.325742659239904,0.674257340760096,35.31,0,0,1,0.325742659239904,0.674257340760096
"101","LA19_680",14512930.952878,23864908.664153,"LA19",16.4905505998361,16.9879196812266,0.378159143341606,0.621840856658394,35.31,0,0,1,0.378159143341606,0.621840856658394
"102","LA19_682",12046498.912402,16816629.944138,"LA19",16.3042846289954,16.637878832395,0.417366355958059,0.582633644041941,35.31,0,0,1,0.417366355958059,0.582633644041941
"103","LA2_1441",18859785.988889,184260.52417,"LA2",16.7525424877504,12.1241059273891,0.990324507764479,0.00967549223552084,35.48333333,0.114566666666667,0.24407044455646,0.75592955544354,0.748615564899245,0.00731399054429469
"104","LA2_1442",49260678.609935,97420.999221,"LA2",17.7126367266465,11.4867970641443,0.998026240880576,0.0019737591194238,35.48333333,0.114566666666667,0.24407044455646,0.75592955544354,0.754437532589841,0.00149202285369867
"105","LA2_2139",8471822.136524,59244.067139,"LA2",15.9522561717706,10.9894209213087,0.993055490870114,0.00694450912988605,35.48333333,0.114566666666667,0.24407044455646,0.75592955544354,0.750679995744212,0.00524955969932837
"106","LA2_628_2",11940189.988497,1072.653564,"LA2",16.2954205777366,6.97789082376922,0.999910172517249,8.98274827505901e-05,35.48333333,0.114566666666667,0.24407044455646,0.75592955544354,0.755861652194438,6.79032491022658e-05
"107","LA2_633_2",17807460.096174,29737.478089,"LA2",16.6951280339883,10.3001634177972,0.998332839115271,0.00166716088472932,35.48333333,0.114566666666667,0.24407044455646,0.75592955544354,0.754669299257094,0.00126025618644629
"108","LA20a_1510",8368727.503305,19999.563782,"LA20a",15.9400124002394,9.90346574139827,0.997615900049905,0.00238409995009468,31.08571429,0,0,1,0.997615900049905,0.00238409995009468
"109","LA20a_1729_2",11459997.986588,20515.974,"LA20a",16.2543730935604,9.92895908120479,0.998212974256168,0.00178702574383257,31.08571429,0,0,1,0.998212974256168,0.00178702574383257
"110","LA20a_1731",9793412.785326,15577.355683,"LA20a",16.0972205528741,9.65357357992353,0.998411930743219,0.00158806925678056,31.08571429,0,0,1,0.998411930743219,0.00158806925678056
"111","LA20a_1733",2116042.462064,3955.690781,"LA20a",14.565058138897,8.28291052512743,0.998134106496418,0.00186589350358232,31.08571429,0,0,1,0.998134106496418,0.00186589350358232
"112","LA20a_1738",4306938.108684,16165.61975,"LA20a",15.2757377939966,9.69064202842863,0.996260644951988,0.00373935504801219,31.08571429,0,0,1,0.996260644951988,0.00373935504801219
"113","LA20b_1728_2",4506062.3712,113628.03708,"LA20b",15.3209342416894,11.6406855600995,0.97540353854095,0.0245964614590496,24.35714286,0,0,1,0.97540353854095,0.0245964614590496
"114","LA20b_1730",1324996.14859,14853.706817,"LA20b",14.0969201106737,9.60600473038803,0.988913901989049,0.0110860980109506,24.35714286,0,0,1,0.988913901989049,0.0110860980109506
"115","LA20b_1745",1593449.818909,1406440.919328,"LA20b",14.2814119212291,14.1565729005751,0.531169285133848,0.468830714866152,24.35714286,0,0,1,0.531169285133848,0.468830714866152
"116","LA20b_1748",2486334.407001,4494.380279,"LA20b",14.7263200580968,8.4105830684354,0.998195628578748,0.00180437142125208,24.35714286,0,0,1,0.998195628578748,0.00180437142125208
"117","LA20b_701_2",3576969.166197,7224.533294,"LA20b",15.0900263981864,8.88523791490806,0.997984335139302,0.00201566486069823,24.35714286,0,0,1,0.997984335139302,0.00201566486069823
"118","LA22_1412",10628647.441406,5136989.635116,"LA22",16.1790635024676,15.4519777917553,0.674165426352105,0.325834573647896,30.34,0,0,1,0.674165426352105,0.325834573647896
"119","LA22_1531",8948482.143506,3395806.779651,"LA22",16.0069944829642,15.0380519283433,0.724908676328799,0.275091323671201,30.34,0,0,1,0.724908676328799,0.275091323671201
"120","LA22_656",6199493.5219,3967046.663988,"LA22",15.6399781566624,15.1935324624694,0.609793834337606,0.390206165662394,30.34,0,0,1,0.609793834337606,0.390206165662394
"121","LA22_657",9115725.314741,4232090.123948,"LA22",16.0255115366801,15.2582065481224,0.682937620512704,0.317062379487296,30.34,0,0,1,0.682937620512704,0.317062379487296
"122","LA22_658",3916838.806156,2610422.306211,"LA22",15.1807954594285,14.7750225693561,0.60007386539737,0.39992613460263,30.34,0,0,1,0.60007386539737,0.39992613460263
"123","LA23_1469_2",8946053.432568,28889264.421573,"LA23",16.0067230357458,17.1789806107674,0.23644715942538,0.76355284057462,34.1125,0,0,1,0.23644715942538,0.76355284057462
"124","LA23_1470_2",12993920.511137,27492436.549293,"LA23",16.3799921530526,17.1294214902367,0.320945658107551,0.679054341892449,34.1125,0,0,1,0.320945658107551,0.679054341892449
"125","LA23_1475_2",16656385.759142,32797150.555715,"LA23",16.6283042299398,17.3058521962793,0.336808790641288,0.663191209358712,34.1125,0,0,1,0.336808790641288,0.663191209358712
"126","LA23_1476_2",7724131.289967,26690578.18812,"LA23",15.8598599200514,17.0998211842454,0.224442728330606,0.775557271669394,34.1125,0,0,1,0.224442728330606,0.775557271669394
"127","LA23_1479",15216453.437294,40971008.094436,"LA23",16.5378878633558,17.5283752548937,0.270815819445785,0.729184180554215,34.1125,0,0,1,0.270815819445785,0.729184180554215
"128","LA25_1395",21455313.23827,54919958.921935,"LA25",16.8814828760807,17.8213873909019,0.280919630548291,0.719080369451709,46.74,0,0,1,0.280919630548291,0.719080369451709
"129","LA25_1413",22342485.584398,42055064.583845,"LA25",16.9220006070276,17.5544903790771,0.3469462041029,0.6530537958971,46.74,0,0,1,0.3469462041029,0.6530537958971
"130","LA25_674",6182731.806184,19616399.778301,"LA25",15.6372707715986,16.7918764977256,0.239648834145338,0.760351165854662,46.74,0,0,1,0.239648834145338,0.760351165854662
"131","LA25_675",7179443.112276,17535456.315033,"LA25",15.7867323770521,16.6797354643164,0.290490484632237,0.709509515367763,46.74,0,0,1,0.290490484632237,0.709509515367763
"132","LA25_676",5513480.039525,15597071.028139,"LA25",15.5227065678832,16.5625936999852,0.261171772439908,0.738828227560092,46.74,0,0,1,0.261171772439908,0.738828227560092
"133","LA26_1513",4734275.760121,71055.043703,"LA26",15.3703393183357,11.1712101190845,0.985213287783131,0.0147867122168687,26.05714286,0,0,1,0.985213287783131,0.0147867122168687
"134","LA26_1528",6052030.699256,157593.511598,"LA26",15.6159044264578,11.967774285495,0.974621087162966,0.025378912837034,26.05714286,0,0,1,0.974621087162966,0.025378912837034
"135","LA26_1529",6815619.153906,87093.82022,"LA26",15.734727470623,11.3747412099217,0.987382668155773,0.0126173318442272,26.05714286,0,0,1,0.987382668155773,0.0126173318442272
"136","LA26_1641",4885323.645584,130805.015472,"LA26",15.4017460941987,11.7814630618573,0.973923113956877,0.0260768860431229,26.05714286,0,0,1,0.973923113956877,0.0260768860431229
"137","LA26_1642",4645455.061051,144174.319154,"LA26",15.351399893365,11.8787783961142,0.969898648160575,0.0301013518394255,26.05714286,0,0,1,0.969898648160575,0.0301013518394255
"138","LA28_1526",10941929.722994,17609.047303,"LA28",16.2081127309015,9.77616810025395,0.998393267483963,0.0016067325160366,45.68,0,0,1,0.998393267483963,0.0016067325160366
"139","LA28_1673_2",7238046.160415,143003.270324,"LA28",15.7948618605952,11.8706227783791,0.98062561812302,0.0193743818769796,45.68,0,0,1,0.98062561812302,0.0193743818769796
"140","LA28_647",10495965.177491,40601.396851,"LA28",16.1665014724672,10.611557750195,0.996146619815427,0.00385338018457265,45.68,0,0,1,0.996146619815427,0.00385338018457265
"141","LA28_648",7063263.410298,48674.454743,"LA28",15.7704177420887,10.7929096281848,0.993155950506505,0.00684404949349475,45.68,0,0,1,0.993155950506505,0.00684404949349475
"142","LA28_649",3754799.696931,63299.707977,"LA28",15.1385454987299,11.0556359948041,0.983421147208574,0.0165788527914258,45.68,0,0,1,0.983421147208574,0.0165788527914258
"143","LA3_1590",2787426.687859,20385839.393785,"LA3",14.840629394085,16.8303510704191,0.120286310873847,0.879713689126153,30.31666667,0.0633333333333333,0.172805820811932,0.827194179188068,0.0995001361908525,0.727694042997215
"144","LA3_1591",729591.613787,7784176.718537,"LA3",13.500240223415,15.8676036053828,0.0856954976114371,0.914304502388563,30.31666667,0.0633333333333333,0.172805820811932,0.827194179188068,0.0708868168068057,0.756307362381262
"145","LA3_624_2",965189.994659,6738788.291143,"LA3",13.7800802465987,15.7233906879642,0.125284620341907,0.874715379658093,30.31666667,0.0633333333333333,0.172805820811932,0.827194179188068,0.103634708688613,0.723559470499455
"146","LA3_625_2",3319394.136857,7059854.339267,"LA3",15.0152928353411,15.7699349774247,0.319810643756414,0.680189356243586,30.31666667,0.0633333333333333,0.172805820811932,0.827194179188068,0.264545502957695,0.562648676230373
"147","LA3_626_2",1586192.314149,7196027.676285,"LA3",14.2768469311707,15.7890397201103,0.180614049281019,0.819385950718981,30.31666667,0.0633333333333333,0.172805820811932,0.827194179188068,0.149402890244846,0.677791288943222
"148","LA31_1643",2991650.280869,44022.070771,"LA31",14.9113357265087,10.6924463955688,0.985498411662505,0.0145015883374954,32.88333333,0,0,1,0.985498411662505,0.0145015883374954
"149","LA31_1672",1956949.25318,92415.133819,"LA31",14.4868973151171,11.4340460301382,0.954905465126029,0.0450945348739707,32.88333333,0,0,1,0.954905465126029,0.0450945348739707
"150","LA31_1893",2246138.111864,150491.284575,"LA31",14.6247229047604,11.9216604516936,0.937207110620188,0.0627928893798121,32.88333333,0,0,1,0.937207110620188,0.0627928893798121
"151","LA31_716",1614467.593453,124372.521972,"LA31",14.2945157967913,11.7310365504192,0.928473859747823,0.0715261402521769,32.88333333,0,0,1,0.928473859747823,0.0715261402521769
"152","LA32_1535",5472771.529629,60059.31169,"LA32",15.5152957242573,11.0030878810987,0.989144921756603,0.0108550782433974,33.32,0.1064,0.24203821656051,0.75796178343949,0.74973404897475,0.0082277344647407
"153","LA32_1548",8735066.613025,26022.905822,"LA32",15.9828561275115,10.1667324223108,0.997029718077185,0.00297028192281555,33.32,0.1064,0.24203821656051,0.75796178343949,0.755710423255955,0.00225136018353535
"154","LA32_2181",10812121.329215,17183.07544,"LA32",16.1961784080335,9.75168019232295,0.998413279856404,0.00158672014359609,33.32,0.1064,0.24203821656051,0.75796178343949,0.756759110209631,0.00120267322985946
"155","LA32_660",13817728.44597,121772.042939,"LA32",16.4414629956428,11.7099060753908,0.991264246302377,0.00873575369762268,33.32,0.1064,0.24203821656051,0.75796178343949,0.751340415987152,0.00662136745233821
"156","LA32_661",10572557.510194,27327.132157,"LA32",16.1737722879162,10.215635339534,0.997421940607937,0.00257805939206325,33.32,0.1064,0.24203821656051,0.75796178343949,0.756007712944869,0.00195407049462119
"157","LA33_1878",55986167.739409,846562.619507,"LA33",17.8406152135353,13.6489394524289,0.985104312001892,0.0148956879981078,49.08571429,0,0,1,0.985104312001892,0.0148956879981078
"158","LA33_1891",27541839.749285,892030.211322,"LA33",17.1312168518399,13.7012552801837,0.9686279000165,0.0313720999835,49.08571429,0,0,1,0.9686279000165,0.0313720999835
"159","LA33_1900",36346345.731776,594568.20297,"LA33",17.4086042268154,13.2955907117792,0.983904886489266,0.0160951135107342,49.08571429,0,0,1,0.983904886489266,0.0160951135107342
"160","LA33_650_2",10138538.051011,191390.296649,"LA33",16.131854369304,12.1620700600022,0.981472253223097,0.0185277467769033,49.08571429,0,0,1,0.981472253223097,0.0185277467769033
"161","LA33_652_2",9290925.16088,69986.747682,"LA33",16.0445486925786,11.1560611842799,0.99252351177261,0.00747648822739015,49.08571429,0,0,1,0.99252351177261,0.00747648822739015
"162","LA34_1533",11282439.689988,22789.182938,"LA34",16.2387580652215,10.0340412698199,0.99798419092668,0.00201580907331969,37.65,0.0332,0.0810349035879912,0.918965096412009,0.917112638232597,0.00185245817941143
"163","LA34_1644",10804007.124888,168457.685058,"LA34",16.195427653362,12.0344398699846,0.984647233964669,0.0153527660353307,37.65,0.0332,0.0810349035879912,0.918965096412009,0.90485644029216,0.0141086561198487
"164","LA34_2142",10521669.371518,24934.857574,"LA34",16.1689474381901,10.124022006073,0.997635745398958,0.00236425460104202,37.65,0.0332,0.0810349035879912,0.918965096412009,0.91679242895462,0.00217266745738912
"165","LA34_718",5360954.199505,70822.651397,"LA34",15.4946525394986,11.1679341634994,0.986961421033848,0.0130385789661516,37.65,0.0332,0.0810349035879912,0.918965096412009,0.906983097435304,0.0119819989767051
"166","LA34_725",12055415.892808,64709.307373,"LA34",16.3050245686131,11.0776603244397,0.994661003388642,0.00533899661135791,37.65,0.0332,0.0810349035879912,0.918965096412009,0.914058744876309,0.00490635153569991
"167","LA35_1363",87248650.42299,185046.73349,"LA35",18.2842726509958,12.1283636856185,0.997883576475568,0.00211642352443157,55.0375,0,0,1,0.997883576475568,0.00211642352443157
"168","LA35_1364",70650497.423234,148795.336914,"LA35",18.0732557077386,11.9103270629465,0.997898349953606,0.00210165004639361,55.0375,0,0,1,0.997898349953606,0.00210165004639361
"169","LA35_1389",65010247.732325,111382.762436,"LA35",17.9900554728537,11.6207278587395,0.998289619568955,0.00171038043104527,55.0375,0,0,1,0.998289619568955,0.00171038043104527
"170","LA35_1390",76641686.745324,108527.011748,"LA35",18.1546517000659,11.594754377181,0.998585971211865,0.00141402878813481,55.0375,0,0,1,0.998585971211865,0.00141402878813481
"171","LA35_2174",18095384.085554,26231.65042,"LA35",16.7111674408146,10.1747219919642,0.998552466247923,0.00144753375207744,55.0375,0,0,1,0.998552466247923,0.00144753375207744
"172","LA37_1414",9537328.981865,273972.007903,"LA37",16.0707240232859,12.5207812192135,0.972075873710457,0.027924126289543,29.68,0,0,1,0.972075873710457,0.027924126289543
"173","LA37_1489",2001705.199853,42429.386168,"LA37",14.5095099751939,10.655596471158,0.979243349993607,0.0207566500063925,29.68,0,0,1,0.979243349993607,0.0207566500063925
"174","LA37_665",2273620.767408,115268.43895,"LA37",14.6368841704353,11.6550189389511,0.951748101735646,0.0482518982643542,29.68,0,0,1,0.951748101735646,0.0482518982643542
"175","LA37_666",2235222.847658,29454.085938,"LA37",14.6198514891837,10.290587920984,0.986994133467315,0.013005866532685,29.68,0,0,1,0.986994133467315,0.013005866532685
"176","LA37_667",1589895.158188,69754.946716,"LA37",14.2791786337759,11.1527436178284,0.957970088689245,0.0420299113107548,29.68,0,0,1,0.957970088689245,0.0420299113107548
"177","LA4_1062_NEG_MS",422070.260301,65615.380858,"LA4",12.9529270727639,11.0915654117485,0.865455581792273,0.134544418207727,28.04,0,0,1,0.865455581792273,0.134544418207727
"178","LA4_1440",11463465.984889,34446.015107,"LA4",16.2546756654869,10.4471485979661,0.997004150396436,0.00299584960356385,28.04,0,0,1,0.997004150396436,0.00299584960356385
"179","LA4_629_2",351671.595461,28706.174316,"LA4",12.7704530516549,10.2648675115716,0.924532460630312,0.0754675393696883,28.04,0,0,1,0.924532460630312,0.0754675393696883
"180","LA4_630_2",372273.403689,17580.695496,"LA4",12.8273838194605,9.77455673223137,0.954904423134827,0.0450955768651731,28.04,0,0,1,0.954904423134827,0.0450955768651731
"181","LA41_1411",14726742.922593,262085.319152,"LA41",16.5051756453594,12.4764253753505,0.982514622562552,0.0174853774374486,42.96,0,0,1,0.982514622562552,0.0174853774374486
"182","LA41_1547",9183033.295418,62251.392287,"LA41",16.032868132356,11.0389361801331,0.993266687355795,0.00673331264420511,42.96,0,0,1,0.993266687355795,0.00673331264420511
"183","LA41_653",5582943.84124,92392.264313,"LA41",15.535226765356,11.4337985345688,0.983720388961175,0.0162796110388245,42.96,0,0,1,0.983720388961175,0.0162796110388245
"184","LA41_654",7543392.898815,71459.211273,"LA41",15.8361826253508,11.1768820941949,0.990615811017744,0.00938418898225644,42.96,0,0,1,0.990615811017744,0.00938418898225644
"185","LA41_655",5064457.211917,140648.632293,"LA41",15.437757525444,11.854020089683,0.97297871810821,0.0270212818917896,42.96,0,0,1,0.97297871810821,0.0270212818917896
"186","LA42_1534",8501593.907563,15873.50148,"LA42",15.955764222418,9.67240642434478,0.99813635899996,0.00186364100004035,37.96666667,0,0,1,0.99813635899996,0.00186364100004035
"187","LA42_1537",8872180.9102,44096.776092,"LA42",15.9984311989451,10.6941419542729,0.995054351418441,0.00494564858155943,37.96666667,0,0,1,0.995054351418441,0.00494564858155943
"188","LA42_2165",4909523.895246,35751.866044,"LA42",15.4066875287242,10.4843577437949,0.992770501025675,0.00722949897432493,37.96666667,0,0,1,0.992770501025675,0.00722949897432493
"189","LA42_697",7236409.622572,34026.527252,"LA42",15.7946357328741,10.4348957126842,0.995319878126868,0.00468012187313188,37.96666667,0,0,1,0.995319878126868,0.00468012187313188
"190","LA42_726",10111089.593251,33493.886414,"LA42",16.1291433590026,10.4191182060544,0.996698347795044,0.00330165220495638,37.96666667,0,0,1,0.996698347795044,0.00330165220495638
"191","LA43_1456",4983153.983459,13998175.213516,"LA43",15.4215735785439,16.4544375371926,0.262529242907454,0.737470757092546,30.31111111,0,0,1,0.262529242907454,0.737470757092546
"192","LA43_1467_2",2524512.177638,10730166.164762,"LA43",14.7415584050516,16.1885696004853,0.190461972174942,0.809538027825058,30.31111111,0,0,1,0.190461972174942,0.809538027825058
"193","LA43_1468_2",1464449.144882,10024988.056897,"LA43",14.1969897194042,16.1205913398242,0.12746047688526,0.87253952311474,30.31111111,0,0,1,0.12746047688526,0.87253952311474
"194","LA43_1477_2",1829560.815874,7368194.863922,"LA43",14.4195865046894,15.8126833038968,0.198913830674243,0.801086169325757,30.31111111,0,0,1,0.198913830674243,0.801086169325757
"195","LA43_669_2",1802517.992579,2292084.504609,"LA43",14.4046951301047,14.6449722255128,0.440218066055714,0.559781933944286,30.31111111,0,0,1,0.440218066055714,0.559781933944286
"196","LA44_1675",5177932.210692,128282.669631,"LA44",15.4599163474142,11.7619914645587,0.97582407186209,0.0241759281379105,38.31666667,0,0,1,0.97582407186209,0.0241759281379105
"197","LA44_2153",5509204.913453,26381.226227,"LA44",15.5219308718882,10.180407908398,0.995234248810998,0.00476575118900147,38.31666667,0,0,1,0.995234248810998,0.00476575118900147
"198","LA44_704",4564859.729792,23345.763428,"LA44",15.3338983442208,10.0581708088622,0.994911787743052,0.0050882122569484,38.31666667,0,0,1,0.994911787743052,0.0050882122569484
"199","LA44_727",3581986.748034,84712.89447,"LA44",15.0914281619963,11.3470231060072,0.976896691103897,0.0231033088961029,38.31666667,0,0,1,0.976896691103897,0.0231033088961029
"200","LA44_728",3910235.380079,126623.532502,"LA44",15.1791081296583,11.748973652161,0.968633153834687,0.0313668461653128,38.31666667,0,0,1,0.968633153834687,0.0313668461653128
"201","LA45_1671",1614515.18234,20157857.460643,"LA45",14.2945452728773,16.8191047187658,0.074154305955274,0.925845694044726,38.15,0,0,1,0.074154305955274,0.925845694044726
"202","LA45_1674",948531.723833,9971494.221645,"LA45",13.7626705141163,16.1152410024882,0.086861673092067,0.913138326907933,38.15,0,0,1,0.086861673092067,0.913138326907933
"203","LA45_662",2576565.21454,20423937.642263,"LA45",14.7619677577206,16.8322181847389,0.112022125367486,0.887977874632514,38.15,0,0,1,0.112022125367486,0.887977874632514
"204","LA45_663",3569593.569854,18816930.01225,"LA45",15.0879623012956,16.7502675551305,0.159452786707248,0.840547213292752,38.15,0,0,1,0.159452786707248,0.840547213292752
"205","LA45_664",2373378.372129,11502726.156465,"LA45",14.6798249715606,16.2580946223238,0.1710406812833,0.8289593187167,38.15,0,0,1,0.1710406812833,0.8289593187167
"206","LA46_1636",6237998.793931,7634729.803315,"LA46",15.6461699828076,15.8482181067899,0.449659109972739,0.550340890027261,35.84285714,0,0,1,0.449659109972739,0.550340890027261
"207","LA46_1637",8312838.390106,7689982.912508,"LA46",15.9333116717019,15.8554291194388,0.519460802124194,0.480539197875807,35.84285714,0,0,1,0.519460802124194,0.480539197875807
"208","LA46_2143",5451914.184496,4448540.176195,"LA46",15.5114773314869,15.3080865500289,0.550673129320449,0.449326870679551,35.84285714,0,0,1,0.550673129320449,0.449326870679551
"209","LA46_2178",5425856.50246,7594991.583484,"LA46",15.5066863255667,15.842999585846,0.416705307261607,0.583294692738393,35.84285714,0,0,1,0.416705307261607,0.583294692738393
"210","LA46_706",4131055.006712,5443323.786955,"LA46",15.2340433818826,15.5099004225027,0.431469769030289,0.568530230969711,35.84285714,0,0,1,0.431469769030289,0.568530230969711
"211","LA48_1524",13503747.407299,43672.15866,"LA48",16.4184777906147,10.6844660764464,0.996776348554987,0.00322365144501292,25.18,0,0,1,0.996776348554987,0.00322365144501292
"212","LA48_1532",7970619.83585,75842.864289,"LA48",15.8912728188653,11.2364189037395,0.990574384407736,0.0094256155922639,25.18,0,0,1,0.990574384407736,0.0094256155922639
"213","LA48_686",5315224.421187,71686.746032,"LA48",15.4860857929847,11.1800611563901,0.986692420979905,0.0133075790200952,25.18,0,0,1,0.986692420979905,0.0133075790200952
"214","LA48_687",5720558.596741,77160.058867,"LA48",15.5595770153608,11.2536372299406,0.98669130679662,0.0133086932033801,25.18,0,0,1,0.98669130679662,0.0133086932033801
"215","LA48_731",3725195.456007,118900.808105,"LA48",15.1306298798305,11.6860448791654,0.969069242824369,0.0309307571756314,25.18,0,0,1,0.969069242824369,0.0309307571756314
"216","LA49_1514",10794192.37148,35880.39737,"LA49",16.1945188040771,10.4879463910835,0.996686966178731,0.00331303382126859,29.16,0,0,1,0.996686966178731,0.00331303382126859
"217","LA49_1525",12562641.396892,42187.777068,"LA49",16.3462379991942,10.6498858151311,0.99665304650418,0.00334695349582005,29.16,0,0,1,0.99665304650418,0.00334695349582005
"218","LA49_621",7352675.385357,84478.996308,"LA49",15.8105748029656,11.3442582180456,0.98864095163652,0.01135904836348,29.16,0,0,1,0.98864095163652,0.01135904836348
"219","LA49_622",9475426.190066,44980.841492,"LA49",16.0642122884031,10.7139919334753,0.995275323697516,0.00472467630248357,29.16,0,0,1,0.995275323697516,0.00472467630248357
"220","LA49_623",2354640.453398,59295.774201,"LA49",14.6718986000605,10.9902933210807,0.975436064332164,0.0245639356678358,29.16,0,0,1,0.975436064332164,0.0245639356678358
"221","LA55_1459",27054208.282334,778946.596801,"LA55",17.1133531253646,13.5656977689741,0.972013715290862,0.0279862847091378,33.12,0,0,1,0.972013715290862,0.0279862847091378
"222","LA55_1550",10543795.273678,37205.766097,"LA55",16.1710481191549,10.5242190308571,0.996483719644565,0.00351628035543518,33.12,0,0,1,0.996483719644565,0.00351628035543518
"223","LA55_1638",4001809.238339,112759.58893,"LA55",15.2022571264078,11.6330132996911,0.97259504126345,0.0274049587365495,33.12,0,0,1,0.97259504126345,0.0274049587365495
"224","LA59_1511",2079339.677282,6422314.766617,"LA59",14.5475609384303,15.6752891662294,0.244580592048667,0.755419407951333,36.31666667,0,0,1,0.244580592048667,0.755419407951333
"225","LA59_1588",2716375.383806,8796530.178284,"LA59",14.8148089701155,15.9898679037703,0.235941775875462,0.764058224124538,36.31666667,0,0,1,0.235941775875462,0.764058224124538
"226","LA59_1601",1738626.495118,10763726.161022,"LA59",14.3686059888518,16.1916923502435,0.13906394603772,0.86093605396228,36.31666667,0,0,1,0.13906394603772,0.86093605396228
"227","LA59_615",1905843.597244,8076846.184496,"LA59",14.4604353017202,15.9045120306002,0.190914837474976,0.809085162525024,36.31666667,0,0,1,0.190914837474976,0.809085162525024
"228","LA59_617",1256643.869538,6279711.754648,"LA59",14.0439551296403,15.6528346384496,0.166744237162207,0.833255762837793,36.31666667,0,0,1,0.166744237162207,0.833255762837793
"229","LA6_1381",14862318.42483,48406.149627,"LA6",16.514339602906,10.7873821430426,0.996753601786065,0.00324639821393541,32.54,0,0,1,0.996753601786065,0.00324639821393541
"230","LA6_1387",10585411.800671,152663.703491,"LA6",16.1749873659673,11.9359927647922,0.985782954922246,0.0142170450777543,32.54,0,0,1,0.985782954922246,0.0142170450777543
"231","LA6_1392",16541715.968945,24465.021058,"LA6",16.6213959887895,10.1049996644627,0.998523194870757,0.00147680512924274,32.54,0,0,1,0.998523194870757,0.00147680512924274
"232","LA6_1398",16272967.400576,92755.118833,"LA6",16.6050158473578,11.4377181685209,0.994332354179719,0.00566764582028057,32.54,0,0,1,0.994332354179719,0.00566764582028057
"233","LA6_2439",1102606.894029,12497.251465,"LA6",13.9131878376386,9.43326401631263,0.988792749524338,0.0112072504756617,32.54,0,0,1,0.988792749524338,0.0112072504756617
"234","N1_1250",3990219.153197,1430628.573442,"N1",15.199356712971,14.1736244675046,0.73608766643423,0.26391233356577,34,0,0,1,0.73608766643423,0.26391233356577
"235","N1_1308_MS_NEG",562622.61499,5402940.050802,"N1",13.2403643715105,15.5024538172255,0.0943117433358325,0.905688256664168,34,0,0,1,0.0943117433358325,0.905688256664168
"236","N1_1310_MS_NEG",459109.497727,4183123.471639,"N1",13.0370440177319,15.2465687674735,0.0988984182303331,0.901101581769667,34,0,0,1,0.0988984182303331,0.901101581769667
"237","N1_1311_2",2962559.857136,37023816.044662,"N1",14.9015642691618,17.4270719404201,0.0740892314025085,0.925910768597492,34,0,0,1,0.0740892314025085,0.925910768597492
"238","N1_2133",4254131.889327,27052834.734261,"N1",15.2634012778647,17.113302353857,0.135884512238939,0.864115487761061,34,0,0,1,0.135884512238939,0.864115487761061
"239","N10_1248",30565017.112643,125531.077364,"N10",17.2353666813219,11.7403086352975,0.995909780542634,0.00409021945736615,55.85,0,0,1,0.995909780542634,0.00409021945736615
"240","N10_1369",55347072.270187,457076.898925,"N10",17.8291343208724,13.0326069247032,0.99180926677083,0.00819073322916991,55.85,0,0,1,0.99180926677083,0.00819073322916991
"241","N10_1857",49324363.985761,405680.282409,"N10",17.7139287154312,12.913320646606,0.99184235026574,0.0081576497342605,55.85,0,0,1,0.99184235026574,0.0081576497342605
"242","N11_1274_2",2416371.632723,11473.261551,"N11",14.6977776476988,9.34777452462811,0.995274302086571,0.00472569791342904,20.94,0,0,1,0.995274302086571,0.00472569791342904
"243","N11_1522",4321667.483737,20739.888031,"N11",15.2791518773505,9.93981408307078,0.995223873244634,0.00477612675536607,20.94,0,0,1,0.995223873244634,0.00477612675536607
"244","N11_1551",3793521.726306,12193.746826,"N11",15.1488053609894,9.4086785440741,0.996795938395267,0.00320406160473286,20.94,0,0,1,0.996795938395267,0.00320406160473286
"245","N11_1552",3997270.174442,46083.195099,"N11",15.2011222297153,10.7382036310519,0.98860272875328,0.0113972712467205,20.94,0,0,1,0.98860272875328,0.0113972712467205
"246","N11_1668",4168175.718871,264306.317676,"N11",15.2429890205648,12.4848640037346,0.940370583457141,0.0596294165428588,20.94,0,0,1,0.940370583457141,0.0596294165428588
"247","N12_1543",1021191.548352,41015.55847,"N12",13.8364806881225,10.6217067485821,0.961386477075348,0.0386135229246524,28.26,0,0,1,0.961386477075348,0.0386135229246524
"248","N12_1544",2541088.504472,47232.703949,"N12",14.7481030922632,10.7628418119184,0.98175160648712,0.0182483935128802,28.26,0,0,1,0.98175160648712,0.0182483935128802
"249","N12_1553",3509366.205784,68436.579406,"N12",15.070946010985,11.1336627473007,0.980871897218794,0.0191281027812062,28.26,0,0,1,0.980871897218794,0.0191281027812062
"250","N12_1696",2047176.740614,65085.227525,"N12",14.531972202203,11.0834528827076,0.969186952893753,0.0308130471062465,28.26,0,0,1,0.969186952893753,0.0308130471062465
"251","N12_1702",2120597.806594,87624.180358,"N12",14.5672085911406,11.3808122703188,0.960319125126117,0.0396808748738832,28.26,0,0,1,0.960319125126117,0.0396808748738832
"252","N13_1545",7615676.182252,11894560.699436,"N13",15.8457193364628,16.291591769506,0.390342579048846,0.609657420951154,41.18571429,0,0,1,0.390342579048846,0.609657420951154
"253","N13_1546",8759341.67009,9783805.266726,"N13",15.9856313082723,16.0962390529137,0.472376220710358,0.527623779289642,41.18571429,0,0,1,0.472376220710358,0.527623779289642
"254","N13_1692",8546763.712203,8487180.538114,"N13",15.9610632560661,15.9540674110378,0.501748954123995,0.498251045876005,41.18571429,0,0,1,0.501748954123995,0.498251045876005
"255","N13_1703",5202777.256502,5611484.723833,"N13",15.4647031287664,15.5403258991382,0.481103312085734,0.518896687914266,41.18571429,0,0,1,0.481103312085734,0.518896687914266
"256","N13_1899",11708592.811185,12218644.558093,"N13",16.2758335585139,16.318473585596,0.489341608079609,0.510658391920391,41.18571429,0,0,1,0.489341608079609,0.510658391920391
"257","N14_1286_MS_NEG",1844728.472491,0,"N14",14.4278426552447,-Inf,1,0,38.12,0,0,1,1,0
"258","N14_1287_MS_NEG",1503405.961822,42210.68866,"N14",14.223243733277,10.6504287537347,0.972690066034915,0.0273099339650855,38.12,0,0,1,0.972690066034915,0.0273099339650855
"259","N14_1295_MS_NEG",886191.022816,3836.863678,"N14",13.694687807721,8.25241056133851,0.995689052291255,0.00431094770874448,38.12,0,0,1,0.995689052291255,0.00431094770874448
"260","N14_1444",30643823.087231,273318.28833,"N14",17.2379416694404,12.5183922863623,0.99115965201925,0.00884034798074991,38.12,0,0,1,0.99115965201925,0.00884034798074991
"261","N14_1445",28944755.725124,258203.1232,"N14",17.1808995961825,12.4615018533711,0.991158323218511,0.00884167678148883,38.12,0,0,1,0.991158323218511,0.00884167678148883
"262","N15_1795",6501529.845396,3465.70517,"N15",15.687548068003,8.1506714031837,0.999467224052183,0.000532775947817282,28.6,0,0,1,0.999467224052183,0.000532775947817282
"263","N15_1820",11725333.067484,91570.502196,"N15",16.2772622785016,11.424864470372,0.992250888597335,0.007749111402665,28.6,0,0,1,0.992250888597335,0.007749111402665
"264","N15_1835",12622908.835434,114890.215271,"N15",16.3510238826091,11.6517323015596,0.99098037150581,0.00901962849418959,28.6,0,0,1,0.99098037150581,0.00901962849418959
"265","N15_1854",8945210.531297,64970.268739,"N15",16.0066288108466,11.0816850402213,0.992789238065152,0.00721076193484823,28.6,0,0,1,0.992789238065152,0.00721076193484823
"266","N15_1855",8758040.215573,60899.746384,"N15",15.9854827182001,11.016984289223,0.993094436899819,0.00690556310018079,28.6,0,0,1,0.993094436899819,0.00690556310018079
"267","N16_1770",9000884.463234,20828.631043,"N16",16.0128334041646,9.94408381164406,0.997691277607108,0.00230872239289153,28.81666667,0.0533666666666667,0.15625609992619,0.84374390007381,0.841795929637844,0.00194797043596603
"268","N16_1771",5537887.244463,14129.359925,"N16",15.5271236221704,9.55601017564334,0.9974550940799,0.00254490592009991,28.81666667,0.0533666666666667,0.15625609992619,0.84374390007381,0.841596651227464,0.00214724884634602
"269","N16_1772",5737677.990184,21444.934219,"N16",15.562565155124,9.97324372951797,0.996276354142723,0.00372364585727661,28.81666667,0.0533666666666667,0.15625609992619,0.84374390007381,0.840602096595698,0.00314180347811225
"270","N16_1865",6455134.019458,109472.573487,"N16",15.6803863441632,11.6034293264274,0.983323818124204,0.0166761818757959,28.81666667,0.0533666666666667,0.15625609992619,0.84374390007381,0.829673473339586,0.0140704267342243
"271","N16_1882",16857974.646985,44171.812835,"N16",16.6403343756225,10.6958421459716,0.997386615188786,0.00261338481121352,28.81666667,0.0533666666666667,0.15625609992619,0.84374390007381,0.841538872580803,0.00220502749300696
"272","N18_1774",5034643.27475,7520.47058,"N18",15.4318532325186,8.92538399211368,0.998508483468637,0.00149151653136322,39.28,0,0,1,0.998508483468637,0.00149151653136322
"273","N18_1775",5341334.532606,3873.915679,"N18",15.4909860921865,8.262021077855,0.999275254516923,0.00072474548307708,39.28,0,0,1,0.999275254516923,0.00072474548307708
"274","N18_1821",12603859.649574,26669.571228,"N18",16.3495136464096,10.1912785401064,0.997888483470346,0.0021115165296539,39.28,0,0,1,0.997888483470346,0.0021115165296539
"275","N18_1850",13319161.134993,19249.562041,"N18",16.40471424324,9.86524358834024,0.998556832408431,0.00144316759156924,39.28,0,0,1,0.998556832408431,0.00144316759156924
"276","N18_1871",12559804.255695,18337.358094,"N18",16.3460121341452,9.81669568385279,0.998542125008841,0.00145787499115906,39.28,0,0,1,0.998542125008841,0.00145787499115906
"277","N19_1818",5484842.607286,255474.000489,"N19",15.5174989561633,12.4508759241095,0.955494789234626,0.0445052107653735,29.24,0,0,1,0.955494789234626,0.0445052107653735
"278","N19_1839",12268907.805312,315268.25253,"N19",16.3225787993032,12.6611791507395,0.974947247155404,0.0250527528445962,29.24,0,0,1,0.974947247155404,0.0250527528445962
"279","N19_1847",16962807.974056,49056.007675,"N19",16.6465337391318,10.8007179381254,0.997116364924638,0.00288363507536159,29.24,0,0,1,0.997116364924638,0.00288363507536159
"280","N19_1861",6789148.567036,217908.794463,"N19",15.7308360965376,12.2918318802055,0.968901525530485,0.0310984744695145,29.24,0,0,1,0.968901525530485,0.0310984744695145
"281","N19_1867",10229275.319352,227579.470595,"N19",16.1407642966456,12.3352547776714,0.978236336339509,0.0217636636604909,29.24,0,0,1,0.978236336339509,0.0217636636604909
"282","N20_1631",46594221.83255,2934185.122592,"N20",17.6569870963982,14.8919403313292,0.940757530819647,0.0592424691803534,52.24,0,0,1,0.940757530819647,0.0592424691803534
"283","N20_1721_2",50705384.132952,2406637.353563,"N20",17.7415426588392,14.6937410421668,0.954687521088346,0.0453124789116535,52.24,0,0,1,0.954687521088346,0.0453124789116535
"284","N20_2141",47547993.526813,3916067.264516,"N20",17.6772501489426,15.1805984593277,0.923906757370071,0.0760932426299287,52.24,0,0,1,0.923906757370071,0.0760932426299287
"285","N21_1632",10088615.838242,32215.981812,"N21",16.1269182013776,10.3802179379669,0.996816864227685,0.00318313577231522,43.01428571,0.0983666666666667,0.186120897057089,0.813879102942911,0.811288415255994,0.0025906876869174
"286","N21_1726_2",14343440.659178,36200.9823,"N21",16.4788032987479,10.4968415328048,0.997482483694477,0.00251751630552311,43.01428571,0.0983666666666667,0.186120897057089,0.813879102942911,0.811830149030528,0.0020489539123833
"287","N21_1727_2",20737860.353465,74353.17868,"N21",16.8474715902299,11.2165817038998,0.996427425724556,0.00357257427544454,43.01428571,0.0983666666666667,0.186120897057089,0.813879102942911,0.810971459396416,0.00290764354649573
"288","N21_1851",11579221.750006,30025.905472,"N21",16.2647228214609,10.3098158037624,0.99741362176404,0.00258637823596018,43.01428571,0.0983666666666667,0.186120897057089,0.813879102942911,0.811774103744357,0.00210499919855434
"289","N21_1873",23921261.624989,127380.958436,"N21",16.9902782291754,11.7549375481238,0.994703195492464,0.00529680450753568,43.01428571,0.0983666666666667,0.186120897057089,0.813879102942911,0.809568144441854,0.00431095850105711
"290","N22_1797",2114255.769987,14304616.183673,"N22",14.5642134267347,16.4760928531852,0.128769855563415,0.871230144436585,38.74,0,0,1,0.128769855563415,0.871230144436585
"291","N22_1801",2993396.420376,17644107.990446,"N22",14.9119192272376,16.6859124607077,0.145046433948007,0.854953566051993,38.74,0,0,1,0.145046433948007,0.854953566051993
"292","N22_1802",3398385.442693,19601571.606932,"N22",15.0388110070038,16.7911203050133,0.147756164733725,0.852243835266275,38.74,0,0,1,0.147756164733725,0.852243835266275
"293","N22_1822",9144405.515059,32605544.643248,"N22",16.0286528311396,17.299992912956,0.219027938485803,0.780972061514197,38.74,0,0,1,0.219027938485803,0.780972061514197
"294","N22_1869",10512554.202176,19383180.061032,"N22",16.168080739224,16.7799162408022,0.351640608978571,0.648359391021429,38.74,0,0,1,0.351640608978571,0.648359391021429
"295","N23_1804",13886385.869328,8260.289916,"N23",16.4464194842809,9.01921496468842,0.999405505557944,0.000594494442055618,43,0,0,1,0.999405505557944,0.000594494442055618
"296","N23_1805",15555577.393205,18206.351563,"N23",16.5599298070853,9.80952579916112,0.998830961578678,0.0011690384213224,43,0,0,1,0.998830961578678,0.0011690384213224
"297","N23_1819",50906389.212058,137190.3322,"N23",17.745498998438,11.8291245267766,0.997312290136685,0.00268770986331488,43,0,0,1,0.997312290136685,0.00268770986331488
"298","N23_1856",40171122.686428,88245.05034,"N23",17.508658954325,11.3878728864238,0.997808086532382,0.00219191346761782,43,0,0,1,0.997808086532382,0.00219191346761782
"299","N23_1864",37525211.392376,59852.006622,"N23",17.4405235688424,10.9996302379429,0.998407558715902,0.00159244128409786,43,0,0,1,0.998407558715902,0.00159244128409786
"300","N24_1331",10925927.529812,58925.760436,"N24",16.2066491950961,10.9840336328717,0.99463572622419,0.00536427377581022,40.9,0,0,1,0.99463572622419,0.00536427377581022
"301","N24_1344",15556217.108736,43895.503753,"N24",16.5599709307518,10.6895671736129,0.997186205968933,0.00281379403106735,40.9,0,0,1,0.997186205968933,0.00281379403106735
"302","N24_1354",11465481.775432,52936.573639,"N24",16.2548514947983,10.8768497520961,0.995404180327999,0.00459581967200119,40.9,0,0,1,0.995404180327999,0.00459581967200119
"303","N25_1269_2",40149265.013183,71428.78186,"N25",17.5081146921666,11.1764561743847,0.998224078823106,0.00177592117689435,44.41666667,0.1482,0.25018288220977,0.74981711779023,0.748485501691949,0.00133161609828155
"304","N25_1271_2",38701548.88884,32582.621872,"N25",17.4713901801666,10.3915343538107,0.999158813671529,0.000841186328470775,44.41666667,0.1482,0.25018288220977,0.74981711779023,0.749186381881892,0.000630735908338503
"305","N25_1288_2",36010994.747028,38033.505997,"N25",17.399334859432,10.5462227869702,0.99894495058979,0.00105504941021007,44.41666667,0.1482,0.25018288220977,0.74981711779023,0.74902602368234,0.000791094107889993
"306","N25_1289_2",26524874.038098,26900.412477,"N25",17.0935934936537,10.1998968991898,0.998986869501808,0.00101313049819228,44.41666667,0.1482,0.25018288220977,0.74981711779023,0.74905745520013,0.000759662590099912
"307","N25_1312_2",26005858.736204,18753.442398,"N25",17.0738324066093,9.83913260910714,0.999279395893806,0.000720604106193732,44.41666667,0.1482,0.25018288220977,0.74981711779023,0.749276796496256,0.000540321293973989
"308","N26_1338",4515794.496872,44039.405395,"N26",15.3230916976521,10.6928400892695,0.990341883862676,0.00965811613732357,37.51428571,0,0,1,0.990341883862676,0.00965811613732357
"309","N26_1339",4998034.142109,8562.239991,"N26",15.424555221508,9.05511711609483,0.998289808217492,0.00171019178250766,37.51428571,0,0,1,0.998289808217492,0.00171019178250766
"310","N26_1348",4408040.016845,38614.796448,"N26",15.2989407080053,10.56139080967,0.991315989644044,0.00868401035595645,37.51428571,0,0,1,0.991315989644044,0.00868401035595645
"311","N26_1872",5784940.892696,55955.263214,"N26",15.5707687012191,10.9323077792711,0.990420089362934,0.00957991063706598,37.51428571,0,0,1,0.990420089362934,0.00957991063706598
"312","N26_1879",3727161.712484,69276.685151,"N26",15.1311575669711,11.145863694964,0.981752190370281,0.0182478096297193,37.51428571,0,0,1,0.981752190370281,0.0182478096297193
"313","N27_1645",6370190.264682,3621776.933608,"N27",15.6671398959692,15.1024753290044,0.63753114259344,0.36246885740656,25.5,0,0,1,0.63753114259344,0.36246885740656
"314","N27_1803",2258505.263824,4081837.227205,"N27",14.6302137647466,15.2220577458109,0.356211871364927,0.643788128635074,25.5,0,0,1,0.356211871364927,0.643788128635074
"315","N27_1806",3262356.5251,6161217.888553,"N27",14.9979603526652,15.6337850251485,0.346190986763309,0.653809013236691,25.5,0,0,1,0.346190986763309,0.653809013236691
"316","N27_1807",2201032.864179,4453204.502389,"N27",14.6044372918733,15.3091345078819,0.330771618583575,0.669228381416425,25.5,0,0,1,0.330771618583575,0.669228381416425
"317","N28_1251",3518593.929081,20314.441681,"N28",15.0735720158065,9.91908732495285,0.994259687012855,0.00574031298714464,31.12,0,0,1,0.994259687012855,0.00574031298714464
"318","N28_1823",7891169.77933,42605.029923,"N28",15.8812549428376,10.6597275985972,0.994629916912526,0.0053700830874744,31.12,0,0,1,0.994629916912526,0.0053700830874744
"319","N28_1838",4215247.854857,29394.564788,"N28",15.2542189507396,10.2885650650795,0.993074901986571,0.00692509801342899,31.12,0,0,1,0.993074901986571,0.00692509801342899
"320","N28_1840",4310749.083585,24652.265868,"N28",15.2766222482741,10.112624096869,0.994313729253438,0.005686270746562,31.12,0,0,1,0.994313729253438,0.005686270746562
"321","N28_1841",11756571.029558,27683.934478,"N28",16.2799228787981,10.2286075411767,0.997650769220245,0.00234923077975551,31.12,0,0,1,0.997650769220245,0.00234923077975551
"322","N29_1653",3855580.498472,70092.636704,"N29",15.1650321369043,11.1575730276197,0.982145065498211,0.017854934501789,43.58,0,0,1,0.982145065498211,0.017854934501789
"323","N29_1654",4265894.771137,61379.527909,"N29",15.2661625108402,11.0248316368603,0.985815660467253,0.0141843395327474,43.58,0,0,1,0.985815660467253,0.0141843395327474
"324","N29_1655",5678886.393098,88339.24434,"N29",15.5522657139224,11.388939731118,0.984682540636776,0.015317459363224,43.58,0,0,1,0.984682540636776,0.015317459363224
"325","N29_1656",3298635.843976,56843.635773,"N29",15.0090195603581,10.9480595452076,0.983059459574686,0.0169405404253141,43.58,0,0,1,0.983059459574686,0.0169405404253141
"326","N29_1657",4554415.821887,52051.097839,"N29",15.3316078305913,10.8599811658284,0.98870042947316,0.0112995705268401,43.58,0,0,1,0.98870042947316,0.0112995705268401
"327","N3_1303_MS_NEG",8467164.883147,2088229.353195,"N3",15.9517062860556,14.5518270654365,0.802164721995388,0.197835278004612,43.98,0,0,1,0.802164721995388,0.197835278004612
"328","N3_1304_MS_NEG",9340576.079469,2240031.832934,"N3",16.049878487047,14.6220006348615,0.806570445189247,0.193429554810753,43.98,0,0,1,0.806570445189247,0.193429554810753
"329","N3_1305_MS_NEG",5396763.218372,1370102.559615,"N3",15.5013099278149,14.1303961560352,0.797527747029944,0.202472252970056,43.98,0,0,1,0.797527747029944,0.202472252970056
"330","N3_1306_MS_NEG",9899849.851061,2745638.895445,"N3",16.1080301484303,14.82552435464,0.782876016065126,0.217123983934874,43.98,0,0,1,0.782876016065126,0.217123983934874
"331","N3_1307_MS_NEG",7873834.7612,1806030.613599,"N3",15.8790557648961,14.4066419638669,0.813423994686858,0.186576005313142,43.98,0,0,1,0.813423994686858,0.186576005313142
"332","N31_1332",10855851.002291,22977534.187835,"N31",16.2002147554847,16.9500275220964,0.320862099411181,0.679137900588819,32.98333333,0,0,1,0.320862099411181,0.679137900588819
"333","N31_1333",10900532.861327,18428918.72229,"N31",16.2043222323647,16.7294316584886,0.371658257238464,0.628341742761536,32.98333333,0,0,1,0.371658257238464,0.628341742761536
"334","N31_1334",8899142.963026,22002876.124663,"N31",16.0014655337764,16.906683735717,0.28797933681205,0.71202066318795,32.98333333,0,0,1,0.28797933681205,0.71202066318795
"335","N31_1345",13567619.75028,18726507.022997,"N31",16.4231966111406,16.7454505659981,0.420126540207523,0.579873459792477,32.98333333,0,0,1,0.420126540207523,0.579873459792477
"336","N31_1471",6172276.771199,20044755.497999,"N31",15.6355783344927,16.813478106329,0.235430032958029,0.764569967041971,32.98333333,0,0,1,0.235430032958029,0.764569967041971
"337","N32_1633",12382615.739567,10801196.926885,"N32",16.3318040904283,16.1951675125171,0.534106098842198,0.465893901157803,32.11428571,0,0,1,0.534106098842198,0.465893901157803
"338","N32_1814",11155612.328298,19570815.803586,"N32",16.2274532770628,16.7895500249411,0.363062451659395,0.636937548340605,32.11428571,0,0,1,0.363062451659395,0.636937548340605
"339","N32_2160",9962799.406153,22159801.787751,"N32",16.1143686549442,16.9137904752073,0.310149210707247,0.689850789292753,32.11428571,0,0,1,0.310149210707247,0.689850789292753
"340","N32_2164",13171550.627668,19418888.27698,"N32",16.3935698061713,16.7817567728953,0.404153827636531,0.595846172363469,32.11428571,0,0,1,0.404153827636531,0.595846172363469
"341","N32_2192",11038336.685656,20452635.820161,"N32",16.2168849249313,16.8336223231088,0.350523842463646,0.649476157536354,32.11428571,0,0,1,0.350523842463646,0.649476157536354
"342","N34_1335",7024628.743272,49658404.521259,"N34",15.7649329238548,17.7206782094826,0.123928243403791,0.876071756596209,45.6,0,0,1,0.123928243403791,0.876071756596209
"343","N34_1336",7044527.697333,65542932.440644,"N34",15.7677616602348,17.9982159429964,0.0970488247411122,0.902951175258888,45.6,0,0,1,0.0970488247411122,0.902951175258888
"344","N34_1346",6892040.109208,62721053.082566,"N34",15.7458776962892,17.954207724085,0.0990049399215953,0.900995060078405,45.6,0,0,1,0.0990049399215953,0.900995060078405
"345","N34_1347",6384059.298461,72537556.017639,"N34",15.6693147066747,18.0996149997383,0.0808911382881776,0.919108861711822,45.6,0,0,1,0.0808911382881776,0.919108861711822
"346","N34_2134",3428793.089019,30926704.296643,"N34",15.047718888131,17.2471305853676,0.0998033313425403,0.90019666865746,45.6,0,0,1,0.0998033313425403,0.90019666865746
"347","N35_1768",8297703.344314,4564495.139362,"N35",15.9314893289725,15.3338184721082,0.645123254383377,0.354876745616623,43.6,0,0,1,0.645123254383377,0.354876745616623
"348","N35_1769",6193936.474573,3832044.497238,"N35",15.639081383501,15.1589090300196,0.617788572708031,0.382211427291968,43.6,0,0,1,0.617788572708031,0.382211427291968
"349","N35_1836",10606311.620668,19854189.199506,"N35",16.1769598177927,16.8039255856273,0.348198858688608,0.651801141311392,43.6,0,0,1,0.348198858688608,0.651801141311392
"350","N35_1845",10247860.909077,9235240.18881,"N35",16.1425795499722,16.0385371798111,0.525987154590519,0.474012845409481,43.6,0,0,1,0.525987154590519,0.474012845409481
"351","N35_1870",10528067.215831,13496476.788259,"N35",16.1695553170093,16.4179392307003,0.438221312922263,0.561778687077737,43.6,0,0,1,0.438221312922263,0.561778687077737
"352","N36_1501",11371084.551231,7784200.190841,"N36",16.2465842482692,15.8676066207651,0.593626495473385,0.406373504526615,39,0,0,1,0.593626495473385,0.406373504526615
"353","N36_1502",9304605.685989,6633727.200073,"N36",16.0460200705877,15.7076773761593,0.583787887510232,0.416212112489768,39,0,0,1,0.583787887510232,0.416212112489768
"354","N36_1503",4538018.14221,3571276.916154,"N36",15.3280009421566,15.0884337693987,0.559606983042188,0.440393016957812,39,0,0,1,0.559606983042188,0.440393016957812
"355","N36_1506",12525307.157385,6643037.224623,"N36",16.3432617281782,15.7090798302179,0.653437089180307,0.346562910819693,39,0,0,1,0.653437089180307,0.346562910819693
"356","N36_1507",6299103.501584,7511087.852323,"N36",15.6559178799001,15.831890867088,0.456119929127697,0.543880070872303,39,0,0,1,0.456119929127697,0.543880070872303
"357","N37_1327",15853761.052383,246377.221252,"N37",16.5789173205098,12.4146190601506,0.984697198429938,0.0153028015700622,32.98,0,0,1,0.984697198429938,0.0153028015700622
"358","N37_1328",10998343.183243,232317.15625,"N37",16.2132551997132,12.3558587698842,0.979314025246312,0.0206859747536882,32.98,0,0,1,0.979314025246312,0.0206859747536882
"359","N37_1329",13294637.374462,156710.973662,"N37",16.4028713069554,11.9621584556433,0.988349794414189,0.0116502055858107,32.98,0,0,1,0.988349794414189,0.0116502055858107
"360","N37_1330",14653892.455307,172034.395994,"N37",16.5002165547442,12.0554497125122,0.988396381708918,0.011603618291082,32.98,0,0,1,0.988396381708918,0.011603618291082
"361","N37_1652",2585071.870482,54936.311554,"N37",14.7652638684326,10.9139298215018,0.979190855570897,0.0208091444291027,32.98,0,0,1,0.979190855570897,0.0208091444291027
"362","N38_1722_2",8297143.412261,17001.731141,"N38",15.9314218463302,9.74107044967738,0.997955083673937,0.00204491632606298,46.31666667,0,0,1,0.997955083673937,0.00204491632606298
"363","N38_1723_2",12592018.767777,38864.656647,"N38",16.3485737400906,10.5678405471212,0.996923045258113,0.00307695474188674,46.31666667,0,0,1,0.996923045258113,0.00307695474188674
"364","N38_1724_2",17504744.712795,102349.030196,"N38",16.677982528591,11.5361441156757,0.994187057120841,0.00581294287915874,46.31666667,0,0,1,0.994187057120841,0.00581294287915874
"365","N38_1725_2",13700826.346726,63711.35794,"N38",16.4329667062586,11.0621181292767,0.995371340519602,0.00462865948039815,46.31666667,0,0,1,0.995371340519602,0.00462865948039815
"366","N38_2155",8310257.779877,45777.851015,"N38",15.933001186793,10.7315556508364,0.994521582597642,0.00547841740235773,46.31666667,0,0,1,0.994521582597642,0.00547841740235773
"367","N39_1270_2",7322853.000366,32299.660368,"N39",15.8065105641514,10.3828119942329,0.995608566965519,0.00439143303448126,33.95,0,0,1,0.995608566965519,0.00439143303448126
"368","N39_1646",4502482.247053,25020.731598,"N39",15.3201394131156,10.127460024121,0.994473613442999,0.00552638655700125,33.95,0,0,1,0.994473613442999,0.00552638655700125
"369","N39_1690",6084837.041557,37796.747162,"N39",15.621310503693,10.5399783239895,0.993826717640431,0.00617328235956898,33.95,0,0,1,0.993826717640431,0.00617328235956898
"370","N39_1866",7677212.82916,43184.079177,"N39",15.8537671263853,10.6732271687361,0.994406494939351,0.00559350506064875,33.95,0,0,1,0.994406494939351,0.00559350506064875
"371","N4_1455",15862650.684268,46814680.729168,"N4",16.5794778903619,17.6617074024914,0.253084334105321,0.746915665894679,34.37142857,0,0,1,0.253084334105321,0.746915665894679
"372","N4_1472",31996385.291769,52745283.095105,"N4",17.2811334947514,17.7809849063242,0.377575588265442,0.622424411734558,34.37142857,0,0,1,0.377575588265442,0.622424411734558
"373","N4_1473",29667663.908532,50186599.375409,"N4",17.2055682533577,17.7312586043129,0.371522604911418,0.628477395088582,34.37142857,0,0,1,0.371522604911418,0.628477395088582
"374","N4_1504",8441401.698502,23334694.333874,"N4",15.9486589308043,16.9654518382391,0.265652573868773,0.734347426131227,34.37142857,0,0,1,0.265652573868773,0.734347426131227
"375","N4_1575",9429419.635226,24687505.018814,"N4",16.059345108201,17.0218078039193,0.27638539319837,0.72361460680163,34.37142857,0,0,1,0.27638539319837,0.72361460680163
"376","N40_1647",4411969.467524,99264.36676,"N40",15.2998317390061,11.5055419413231,0.977996182329184,0.0220038176708157,44.88,0,0,1,0.977996182329184,0.0220038176708157
"377","N40_1649",4086703.949152,82238.255341,"N40",15.2232493227199,11.3173758662252,0.980273591883243,0.0197264081167566,44.88,0,0,1,0.980273591883243,0.0197264081167566
"378","N40_1650",2995404.242072,105073.815384,"N40",14.9125897527349,11.5624183858055,0.966110447022413,0.0338895529775866,44.88,0,0,1,0.966110447022413,0.0338895529775866
"379","N40_1651",5903357.393754,115306.564851,"N40",15.5910317968173,11.6553496417655,0.98084183372854,0.0191581662714603,44.88,0,0,1,0.98084183372854,0.0191581662714603
"380","N41_1579",48024952.511047,129237.149307,"N41",17.6872312777802,11.7694043623368,0.997316180581201,0.00268381941879925,57.7,0,0,1,0.997316180581201,0.00268381941879925
"381","N41_1580",37927079.77728,177939.760619,"N41",17.4511759209116,12.0892003485073,0.995330280294384,0.00466971970561575,57.7,0,0,1,0.995330280294384,0.00466971970561575
"382","N41_1704",47150849.868617,150582.064576,"N41",17.6688625916664,11.9222634941349,0.99681654321187,0.00318345678813016,57.7,0,0,1,0.99681654321187,0.00318345678813016
"383","N41_1796",39735923.626893,81355.859557,"N41",17.4977662137545,11.3065881390268,0.997956770010249,0.0020432299897507,57.7,0,0,1,0.997956770010249,0.0020432299897507
"384","N41_2182",57039204.495421,267044.244356,"N41",17.8592493875394,12.4951696328526,0.995340050165059,0.0046599498349408,57.7,0,0,1,0.995340050165059,0.0046599498349408
"385","N42_1341",10037721.123637,42819.215179,"N42",16.1218606667466,10.6647422336011,0.995752289684897,0.00424771031510294,31.6,0,0,1,0.995752289684897,0.00424771031510294
"386","N42_1350",8700664.819152,172431.779633,"N42",15.9789099966997,12.0577569568422,0.98056689931037,0.0194331006896297,31.6,0,0,1,0.98056689931037,0.0194331006896297
"387","N42_1351",9627076.86865,56938.516145,"N42",16.0800901934223,10.949727300517,0.994120360833544,0.00587963916645567,31.6,0,0,1,0.994120360833544,0.00587963916645567
"388","N42_1352",4114733.861008,75121.496703,"N42",15.2300847146696,11.226862037845,0.982070622899966,0.0179293771000344,31.6,0,0,1,0.982070622899966,0.0179293771000344
"389","N42_1353",10906119.901835,135994.728943,"N42",16.2048346485243,11.820371406195,0.987683995911079,0.0123160040889213,31.6,0,0,1,0.987683995911079,0.0123160040889213
"390","N46_1799",17156294.570559,0,"N46",16.6578756945904,-Inf,1,0,35,0.137533333333333,0.282100369205524,0.717899630794476,0.717899630794476,0
"391","N46_1808",25949233.892101,6839.952057,"N46",17.071652644678,8.83053600138151,0.999736479711914,0.000263520288086231,35,0.137533333333333,0.282100369205524,0.717899630794476,0.717710449676952,0.000189181117523959
"392","N46_1809",26083693.35881,11749.117279,"N46",17.0768209015148,9.37153339155878,0.999549763630574,0.000450236369426025,35,0.137533333333333,0.282100369205524,0.717899630794476,0.717576406271094,0.000323224523381189
"393","N46_1810",28589105.658275,32932.679503,"N46",17.1685362821819,10.402220741723,0.998849394333333,0.00115060566666674,35,0.137533333333333,0.282100369205524,0.717899630794476,0.717073611411186,0.000826019383290083
"394","N46_1811",26620810.79734,11940.2052,"N46",17.0972038286695,9.38766657272856,0.999551672104813,0.000448327895186691,35,0.137533333333333,0.282100369205524,0.717899630794476,0.717577776364046,0.00032185443042939
"395","N5_1293_MS_NEG",310939.609177,2534563.197297,"N5",12.6473539895949,14.745531871402,0.10927404761983,0.89072595238017,32.06,0.0487666666666667,0.132027795325332,0.867972204674668,0.0948468360263086,0.77312536864836
"396","N5_1294_MS_NEG",144022.028015,1702147.338346,"N5",11.8777215391855,14.3474011521395,0.0780112760179111,0.921988723982089,32.06,0.0487666666666667,0.132027795325332,0.867972204674668,0.0677116192347504,0.800260585439918
"397","N5_1296_MS_NEG",864539.17563,3389585.354415,"N5",13.6699518990186,15.0362181575438,0.203223758384162,0.796776241615838,32.06,0.0487666666666667,0.132027795325332,0.867972204674668,0.176392573606973,0.691579631067695
"398","N5_1557",2602430.598665,9400230.701887,"N5",14.7719564119361,16.056244789693,0.216821131039107,0.783178868960893,32.06,0.0487666666666667,0.132027795325332,0.867972204674668,0.188194715128069,0.6797774895466
"399","N5_1573",2305097.208371,10210950.910125,"N5",14.6506334063527,16.1389713209779,0.184171328405535,0.815828671594465,32.06,0.0487666666666667,0.132027795325332,0.867972204674668,0.159855593954014,0.708116610720654
"400","N50_2224_2",1342001.25362,0,"N50",14.1096725306564,-Inf,1,0,44.6,0,0,1,1,0
"401","N50_2225_2",1554213.657989,0,"N50",14.2564802895124,-Inf,1,0,44.6,0,0,1,1,0
"402","N50_2312_2",2479930.793715,728.932373,"N50",14.7237412119917,6.59158096090171,0.999706153824592,0.000293846175408155,44.6,0,0,1,0.999706153824592,0.000293846175408155
"403","N53_1273_MS_NEG",992845.868194,1504769.384472,"N53",13.8083307126454,14.2241502115148,0.397517538833981,0.602482461166019,43.1,0,0,1,0.397517538833981,0.602482461166019
"404","N53_2315_2",1220379.86754,2778014.298952,"N53",14.0146727350809,14.8372469494941,0.305217499006783,0.694782500993217,43.1,0,0,1,0.305217499006783,0.694782500993217
"405","N53_2316_2",2150225.43715,2370328.06627,"N53",14.5810832490954,14.678538928118,0.475655345196835,0.524344654803165,43.1,0,0,1,0.475655345196835,0.524344654803165
"406","N54_1247_MS_NEG",8074340.652814,890947.600938,"N54",15.9042017708369,13.7000408954509,0.900622537087401,0.0993774629125991,49.22,0,0,1,0.900622537087401,0.0993774629125991
"407","N54_2226_2",11972747.597827,625922.409516,"N54",16.2981435915302,13.3469816959402,0.950318374149717,0.0496816258502832,49.22,0,0,1,0.950318374149717,0.0496816258502832
"408","N54_2310_2",7784096.05525,1517490.195051,"N54",15.8675932428605,14.2325683406435,0.836856837724652,0.163143162275348,49.22,0,0,1,0.836856837724652,0.163143162275348
"409","N6_1298_MS_NEG",1501835.426216,4638246.432175,"N6",14.22219853554,15.3498469286709,0.244595342676678,0.755404657323322,47.96,0,0,1,0.244595342676678,0.755404657323322
"410","N6_1299_MS_NEG",823632.537673,3417840.086821,"N6",13.6214797600006,15.0445193559637,0.194185513049553,0.805814486950447,47.96,0,0,1,0.194185513049553,0.805814486950447
"411","N6_1300_MS_NEG",1201354.551056,5715471.7601,"N6",13.9989602706976,15.5586873995032,0.173685805745673,0.826314194254327,47.96,0,0,1,0.173685805745673,0.826314194254327
"412","N6_1301_MS_NEG",943942.94467,3191204.273391,"N6",13.7578210033328,14.9759089186897,0.228273116987748,0.771726883012252,47.96,0,0,1,0.228273116987748,0.771726883012252
"413","N6_1302_MS_NEG",834705.358809,3372649.211242,"N6",13.6348340778602,15.0312091095967,0.198391969326912,0.801608030673088,47.96,0,0,1,0.198391969326912,0.801608030673088
"414","N65_1072_NEG_MS",7075319.533677,103657.65152,"N65",15.7721231642443,11.5488489358822,0.985560944289705,0.0144390557102955,42.62258065,0.0890153846153846,0.172764495832885,0.827235504167115,0.815291004636912,0.0119444995302034
"415","N65_1122_NEG_MS",7620223.393094,535728.202805,"N65",15.8463162439121,13.1913822271232,0.934314445530258,0.0656855544697416,42.62258065,0.0890153846153846,0.172764495832885,0.827235504167115,0.772898081398842,0.0543374227682732
"416","N65_1125_NEG_MS",6659913.256028,609915.463653,"N65",15.7116170178113,13.3210756423704,0.916103186585149,0.0838968134148507,42.62258065,0.0890153846153846,0.172764495832885,0.827235504167115,0.757833081423866,0.0694024227432484
"417","N65_1126_NEG_MS",7210619.089207,471972.545775,"N65",15.7910653709296,13.0646760971451,0.938565972499968,0.061434027500032,42.62258065,0.0890153846153846,0.172764495832885,0.827235504167115,0.776415095455109,0.0508204087120054
"418","N65_1201_NEG_MS",6791212.595199,312899.080155,"N65",15.7311400690394,12.6536359899115,0.955955213761556,0.0440447862384438,42.62258065,0.0890153846153846,0.172764495832885,0.827235504167115,0.790800093217223,0.0364354109498919
"419","N66_1073_NEG_MS",1835264.349461,103451.546084,"N66",14.422699088747,11.5468586282916,0.946639140721071,0.0533608592789292,35.22045455,0,0,1,0.946639140721071,0.0533608592789292
"420","N66_1097_NEG_MS",1935846.500032,2459.050964,"N66",14.4760552565017,7.80753076749959,0.998731339874285,0.00126866012571466,35.22045455,0,0,1,0.998731339874285,0.00126866012571466
"421","N66_1098_NEG_MS",1475764.678435,1933.597473,"N66",14.2046868394773,7.56713752249971,0.998691480186094,0.00130851981390576,35.22045455,0,0,1,0.998691480186094,0.00130851981390576
"422","N66_1104_NEG_MS",2791132.070862,0,"N66",14.8419578316647,-Inf,1,0,35.22045455,0,0,1,1,0
"423","N66_1268_NEG_MS",1810739.393222,314,"N66",14.4092458243693,5.74939298590825,0.999826620241471,0.000173379758529024,35.22045455,0,0,1,0.999826620241471,0.000173379758529024
"424","N67_1070_NEG_MS",5642650.211012,308891.330733,"N67",15.5458644086774,12.6407448135501,0.948098937297776,0.0519010627022243,48.05714286,0.05295,0.0992462479697296,0.90075375203027,0.854003675066883,0.0467500769633869
"425","N67_1095_NEG_MS",7495126.60791,1952794.420517,"N67",15.8297635816924,14.4847719408861,0.793309616513367,0.206690383486633,48.05714286,0.05295,0.0992462479697296,0.90075375203027,0.71457661359611,0.18617713843416
"426","N67_1102_NEG_MS",6963762.263902,250254.656585,"N67",15.7562304414216,12.4302343047366,0.965309943219802,0.0346900567801976,48.05714286,0.05295,0.0992462479697296,0.90075375203027,0.869506553227364,0.0312471988029061
"427","N67_1107_NEG_MS",6513893.641922,586295.026137,"N67",15.689447937071,13.2815783994386,0.917425430006598,0.0825745699934023,48.05714286,0.05295,0.0992462479697296,0.90075375203027,0.826374398286427,0.0743793537438433
"428","N67_1205_NEG_MS",7356607.609758,2379950.093415,"N67",15.8111094618604,14.6825900762744,0.755565553456392,0.244434446543608,48.05714286,0.05295,0.0992462479697296,0.90075375203027,0.680578507180672,0.220175244849598
"429","N7_1539",4891154.78441,3211728.427383,"N7",15.4029389858026,14.9823198010917,0.603631405829887,0.396368594170113,31.72,0,0,1,0.603631405829887,0.396368594170113
"430","N7_1540",2787034.918455,3385726.964402,"N7",14.840488835433,15.0350792018031,0.451505334458981,0.548494665541019,31.72,0,0,1,0.451505334458981,0.548494665541019
"431","N7_1699",13436741.126906,4643552.006163,"N7",16.4135033879807,15.3509901499122,0.743170535345475,0.256829464654525,31.72,0,0,1,0.743170535345475,0.256829464654525
"432","N7_1700",4382687.496002,4191692.095765,"N7",15.2931726777493,15.2486150518477,0.511137563843126,0.488862436156874,31.72,0,0,1,0.511137563843126,0.488862436156874
"433","N7_1701",6265078.540254,4358765.029571,"N7",15.6505016825871,15.2876993251039,0.589718636111017,0.410281363888983,31.72,0,0,1,0.589718636111017,0.410281363888983
"434","N8_1249",26488330.10006,25538.072753,"N8",17.0922148203809,10.1479256667941,0.999036803208549,0.000963196791450688,35.36,0.147133333333333,0.293835707628811,0.706164292371189,0.70548411719054,0.000680175180648975
"435","N8_1541",13568196.546859,10347.253662,"N8",16.4232391229687,9.24447641681619,0.999237970299761,0.000762029700239505,35.36,0.147133333333333,0.293835707628811,0.706164292371189,0.705626174207154,0.000538118164035459
"436","N8_1542",18114026.413087,29008.266968,"N8",16.7121971360747,10.2753361362066,0.998401134789215,0.00159886521078469,35.36,0.147133333333333,0.293835707628811,0.706164292371189,0.705035230851018,0.00112906152017068
"437","N8_1574",17002588.533736,14772.60376,"N8",16.6488761571194,9.60052964705707,0.999131909839567,0.000868090160433282,35.36,0.147133333333333,0.293835707628811,0.706164292371189,0.705551278097332,0.000613014273856761
"438","N8_1670",16257852.657714,31140.920777,"N8",16.6040865904917,10.3462780138975,0.998088223153448,0.00191177684655241,35.36,0.147133333333333,0.293835707628811,0.706164292371189,0.704814263827172,0.00135002854401731
"439","N9_1074_NEG_MS",5463306.462922,9640.887147,"N9",15.5135647437217,9.1737684110674,0.998238446940865,0.00176155305913521,51.48571429,0.0587555555555556,0.102430709281287,0.897569290718713,0.895988174788862,0.00158111592985137
"440","N9_1075_NEG_MS",1678067.924808,1949.039429,"N9",14.3331536448134,7.57509192967748,0.998839869197461,0.00116013080253935,51.48571429,0.0587555555555556,0.102430709281287,0.897569290718713,0.896527992937137,0.00104129778157618
"441","N9_1077_NEG_MS",2399761.952758,313.72789,"N9",14.6908801040481,5.74852601784334,0.999869284167774,0.000130715832225464,51.48571429,0.0587555555555556,0.102430709281287,0.897569290718713,0.897451964201897,0.000117326516816316
"442","N9_1078_NEG_MS",3212701.665284,1857.407043,"N9",14.982622781401,7.52693673119431,0.999422189170829,0.000577810829170868,51.48571429,0.0587555555555556,0.102430709281287,0.897569290718713,0.897050665462604,0.000518625256108487
"443","N9_1079_NEG_MS",2598939.335187,3636.287231,"N9",14.7706139717533,8.19871844860196,0.998602812075977,0.00139718792402336,51.48571429,0.0587555555555556,0.102430709281287,0.897569290718713,0.896315217744746,0.00125407297396639
